add-two, ghcr.io/ocicl/whereiseveryone.command-line-args@sha256:d97e124015dd4ea18058410331856b475bffe39e63144fd1e478c7f954117e22, whereiseveryone.command-line-args-20251028-ff21547e/examples/add-two/add-two.asd
alexandria, ghcr.io/ocicl/alexandria@sha256:e433c2e076ed3bcf8641b97b00192680db2201d305efac9293539dee88c7fbf7, alexandria-20240503-8514d8e/alexandria.asd
anaphora, ghcr.io/ocicl/anaphora@sha256:55f1c61b7826c5451a60b4b4522e35e770504bbfa2036d8becbf21f6d654925a, anaphora-20240503-bcf0f74/anaphora.asd
atomics, ghcr.io/ocicl/atomics@sha256:ae5daa72b09318c1b07aca6203411181d8bed4382596b27f64d718968131f3a4, atomics-20250813-bf0e261/atomics.asd
atomics-test, ghcr.io/ocicl/atomics@sha256:ae5daa72b09318c1b07aca6203411181d8bed4382596b27f64d718968131f3a4, atomics-20250813-bf0e261/atomics-test.asd
autoload, ghcr.io/ocicl/mgl-pax@sha256:170409783f1dee612a5f193e6f65059287c3fa017d049df6ac048bae1e318c62, mgl-pax-20251022-c1c1edb/autoload/autoload.asd
babel, ghcr.io/ocicl/babel@sha256:9d9fcde71acc2b5c39572de4f11756a08c1d8801caa86c581b85dabaa35928b3, babel-20250905-4eaf3f2/babel.asd
babel-streams, ghcr.io/ocicl/babel@sha256:9d9fcde71acc2b5c39572de4f11756a08c1d8801caa86c581b85dabaa35928b3, babel-20250905-4eaf3f2/babel-streams.asd
babel-tests, ghcr.io/ocicl/babel@sha256:9d9fcde71acc2b5c39572de4f11756a08c1d8801caa86c581b85dabaa35928b3, babel-20250905-4eaf3f2/babel-tests.asd
bitio, ghcr.io/ocicl/bitio@sha256:5c8d67fc928bd0548ab23aa59a7a59d51b581995bf5d7890eb4bdf7f150b8312, bitio-20240503-c295a66/bitio.asd
bobbin, ghcr.io/ocicl/bobbin@sha256:7368d88e9f1d8a94b9bddf5e1887e384ef738235570142dd1cfe98c90077cc13, bobbin-20240503-b454e82/bobbin.asd
bordeaux-threads, ghcr.io/ocicl/bordeaux-threads@sha256:bbb32afe3987e102149cc019f4f7366a05f7a37d1503f5f86a27745e671c320a, bordeaux-threads-0.9.4/bordeaux-threads.asd
cffi, ghcr.io/ocicl/cffi-grovel@sha256:0854274d437e36f8bd30549103de36d23ac22f481f2746e61785e883f52b25fa, cffi-20250822-dad3520/cffi.asd
cffi-examples, ghcr.io/ocicl/cffi-grovel@sha256:0854274d437e36f8bd30549103de36d23ac22f481f2746e61785e883f52b25fa, cffi-20250822-dad3520/cffi-examples.asd
cffi-grovel, ghcr.io/ocicl/cffi-grovel@sha256:0854274d437e36f8bd30549103de36d23ac22f481f2746e61785e883f52b25fa, cffi-20250822-dad3520/cffi-grovel.asd
cffi-libffi, ghcr.io/ocicl/cffi-grovel@sha256:0854274d437e36f8bd30549103de36d23ac22f481f2746e61785e883f52b25fa, cffi-20250822-dad3520/cffi-libffi.asd
cffi-tests, ghcr.io/ocicl/cffi-grovel@sha256:0854274d437e36f8bd30549103de36d23ac22f481f2746e61785e883f52b25fa, cffi-20250822-dad3520/cffi-tests.asd
cffi-toolchain, ghcr.io/ocicl/cffi-grovel@sha256:0854274d437e36f8bd30549103de36d23ac22f481f2746e61785e883f52b25fa, cffi-20250822-dad3520/cffi-toolchain.asd
cffi-uffi-compat, ghcr.io/ocicl/cffi-grovel@sha256:0854274d437e36f8bd30549103de36d23ac22f481f2746e61785e883f52b25fa, cffi-20250822-dad3520/cffi-uffi-compat.asd
chanl, ghcr.io/ocicl/chanl@sha256:ea6d3c99454dbe5df300a0754ce48553cdd0517ac7b051e61566b795aa155f47, chanl-20250130-d61f340/chanl.asd
charje.documentation, ghcr.io/ocicl/charje.documentation@sha256:c0258af1dc039299f16d8949edc5032ec7af786eac93589de58bd575bd2102fc, charje.documentation-20251028-79432c7d/charje.documentation.asd
checkl, ghcr.io/ocicl/checkl@sha256:23688171cdd124474ada1dfe65404258f2faa2d806f5f97a7cab10a7fb601d72, CheckL-20240503-8032880/checkl.asd
checkl-docs, ghcr.io/ocicl/checkl@sha256:23688171cdd124474ada1dfe65404258f2faa2d806f5f97a7cab10a7fb601d72, CheckL-20240503-8032880/checkl-docs.asd
checkl-test, ghcr.io/ocicl/checkl@sha256:23688171cdd124474ada1dfe65404258f2faa2d806f5f97a7cab10a7fb601d72, CheckL-20240503-8032880/checkl-test.asd
chunga, ghcr.io/ocicl/chunga@sha256:a2558d54ac5d4ccdbf49d7b51fcb074762d77e263ec67245f6d2928477b6d19a, chunga-20250814-1310e96/chunga.asd
circular-streams, ghcr.io/ocicl/circular-streams@sha256:4e63fd6b983fea03cc2b71af8b22cdc492ea4393538ca5b4cec762a561e15060, circular-streams-20240503-e770bad/circular-streams.asd
circular-streams-test, ghcr.io/ocicl/circular-streams@sha256:4e63fd6b983fea03cc2b71af8b22cdc492ea4393538ca5b4cec762a561e15060, circular-streams-20240503-e770bad/circular-streams-test.asd
cl-annot, ghcr.io/ocicl/cl-annot@sha256:611a41daa8943d3a6c29c21b1ebf8459d70fc69ccc73203b6fa58bf333901bed, cl-annot-20230809-c99e69c/cl-annot.asd
cl-annot-test, ghcr.io/ocicl/cl-annot@sha256:611a41daa8943d3a6c29c21b1ebf8459d70fc69ccc73203b6fa58bf333901bed, cl-annot-20230809-c99e69c/cl-annot-test.asd
cl-base64, ghcr.io/ocicl/cl-base64@sha256:702412dbc1ed825e275fb23e22c29527eb786bf644e47c7621bf0dbb34e17c7e, cl-base64-20240503-80496b7/cl-base64.asd
cl-base64-tests, ghcr.io/ocicl/cl-base64@sha256:702412dbc1ed825e275fb23e22c29527eb786bf644e47c7621bf0dbb34e17c7e, cl-base64-20240503-80496b7/cl-base64-tests.asd
cl-change-case, ghcr.io/ocicl/cl-change-case@sha256:72df96e856cd493df958231e6cd5183764833c89bfc8e5bcb585bc52313b488e, cl-change-case-cl-change-case-0.1.0/cl-change-case.asd
cl-change-case-test, ghcr.io/ocicl/cl-change-case@sha256:72df96e856cd493df958231e6cd5183764833c89bfc8e5bcb585bc52313b488e, cl-change-case-cl-change-case-0.1.0/cl-change-case-test.asd
cl-dbi, ghcr.io/ocicl/cl-dbi@sha256:831b6c4b26fcd003cd1ed4a2e42a5620128bd577ff077d4c6400a076e41bbff8, cl-dbi-20250928-be4df4f/cl-dbi.asd
cl-fad, ghcr.io/ocicl/cl-fad@sha256:c0aaffc859e419e0a94cedb08f48c2484da404363fb0fe4ffd6e09a80aadafe1, cl-fad-0.7.6/cl-fad.asd
cl-isaac, ghcr.io/ocicl/cl-isaac@sha256:9240ff7f4374b7063138e16b8e5cf4d2de86416751e6970cf38ede64c0b744d5, cl-isaac-20240503-51ee060/cl-isaac.asd
cl-murmurhash, ghcr.io/ocicl/cl-murmurhash@sha256:cf21eb7af128c36416f40e842e622bb2f04c09803587333a1cfa489a0c0d1525, cl-murmurhash-20240503-5433f5e/cl-murmurhash.asd
cl-package-locks, ghcr.io/ocicl/cl-package-locks@sha256:3cc3430aa866786164cd64110795ba329d72cd98f6606a72a83b04c1dc295a0d, cl-package-locks-20240503-96a358e/cl-package-locks.asd
cl-pass, ghcr.io/ocicl/cl-pass@sha256:2fc31a528c9d889c7f69fddf2d54ebeeceb482b8df57d7258435e5451ce222d8, cl-pass-20240503-e58e97c/cl-pass.asd
cl-pass-test, ghcr.io/ocicl/cl-pass@sha256:2fc31a528c9d889c7f69fddf2d54ebeeceb482b8df57d7258435e5451ce222d8, cl-pass-20240503-e58e97c/cl-pass-test.asd
cl-postgres_plus_local-time, ghcr.io/ocicl/local-time@sha256:15dc0e56d0ff55bd2a3c597e67be1c26bd0677c230a15ad5098c5207a9df5554, local-time-20250808-c28f38e/cl-postgres+local-time.asd
cl-ppcre, ghcr.io/ocicl/cl-ppcre@sha256:bf073924cf4fd5957a4fd961a95d446ed0e53fa32a5002cbd2d52182874f45e5, cl-ppcre-20250606-a2ea581/cl-ppcre.asd
cl-ppcre-unicode, ghcr.io/ocicl/cl-ppcre@sha256:bf073924cf4fd5957a4fd961a95d446ed0e53fa32a5002cbd2d52182874f45e5, cl-ppcre-20250606-a2ea581/cl-ppcre-unicode.asd
cl-reexport, ghcr.io/ocicl/cl-reexport@sha256:c795feb3e3727a19e61797187eb31bac1e855b1332335d26752200a28e9b9da8, cl-reexport-20240503-03ad7a0/cl-reexport.asd
cl-reexport-test, ghcr.io/ocicl/cl-reexport@sha256:c795feb3e3727a19e61797187eb31bac1e855b1332335d26752200a28e9b9da8, cl-reexport-20240503-03ad7a0/cl-reexport-test.asd
cl-store, ghcr.io/ocicl/cl-store@sha256:9c58bb54e0b871e06b47e049314f890a7e0cf8133aa47cdd7fc06590d564681b, cl-store-20240503-adb52a1/cl-store.asd
cl-template, ghcr.io/ocicl/cl-template@sha256:77fe11d9e0a68bbc8333b94825145c8313dbeba422a71588f6d8e00e1d3807a4, cl-template-20240503-46193a9/cl-template.asd
cl-unicode, ghcr.io/ocicl/cl-unicode@sha256:d98f12c1271fb3c1812a27d64dfbe95b0bc5bcfd545b71b8101874e61270b120, cl-unicode-20240503-07e7ff5/cl-unicode.asd
cl-utilities, ghcr.io/ocicl/cl-utilities@sha256:e5e0676a4e0627332a0fe64d56ed4f1890f0466d715a11e8d95561b4c2baa38f, cl-utilities-20240503-6b4de39/cl-utilities.asd
cl_plus_ssl, ghcr.io/ocicl/cl_plus_ssl@sha256:6c954aaf9eaa42036cde55e52c00615b36506ab7360d7cd29707c8701479f1e1, cl-plus-ssl-20251213-6a646e6/cl+ssl.asd
cl_plus_ssl.test, ghcr.io/ocicl/cl_plus_ssl@sha256:6c954aaf9eaa42036cde55e52c00615b36506ab7360d7cd29707c8701479f1e1, cl-plus-ssl-20251213-6a646e6/cl+ssl.test.asd
clack, ghcr.io/ocicl/clack@sha256:9457bea28f1ee9c49a7626c2ee23c181b5af3636b5e64a27a46ef8535818947f, clack-20241101-935be5b/clack.asd
clack-handler-hunchentoot, ghcr.io/ocicl/clack@sha256:9457bea28f1ee9c49a7626c2ee23c181b5af3636b5e64a27a46ef8535818947f, clack-20241101-935be5b/clack-handler-hunchentoot.asd
clack-handler-toot, ghcr.io/ocicl/clack@sha256:9457bea28f1ee9c49a7626c2ee23c181b5af3636b5e64a27a46ef8535818947f, clack-20241101-935be5b/clack-handler-toot.asd
clack-handler-wookie, ghcr.io/ocicl/clack@sha256:9457bea28f1ee9c49a7626c2ee23c181b5af3636b5e64a27a46ef8535818947f, clack-20241101-935be5b/clack-handler-wookie.asd
clack-socket, ghcr.io/ocicl/clack@sha256:9457bea28f1ee9c49a7626c2ee23c181b5af3636b5e64a27a46ef8535818947f, clack-20241101-935be5b/clack-socket.asd
clack-test, ghcr.io/ocicl/clack@sha256:9457bea28f1ee9c49a7626c2ee23c181b5af3636b5e64a27a46ef8535818947f, clack-20241101-935be5b/clack-test.asd
clingon, ghcr.io/ocicl/clingon@sha256:5d3babf7af5b0e7bfba2bfa9d384f70810ae6e538f899f0aba7e0b1308eee2eb, clingon-20251121-ef0528f/clingon.asd
clingon.demo, ghcr.io/ocicl/clingon@sha256:5d3babf7af5b0e7bfba2bfa9d384f70810ae6e538f899f0aba7e0b1308eee2eb, clingon-20251121-ef0528f/clingon.demo.asd
clingon.intro, ghcr.io/ocicl/clingon@sha256:5d3babf7af5b0e7bfba2bfa9d384f70810ae6e538f899f0aba7e0b1308eee2eb, clingon-20251121-ef0528f/clingon.intro.asd
clingon.test, ghcr.io/ocicl/clingon@sha256:5d3babf7af5b0e7bfba2bfa9d384f70810ae6e538f899f0aba7e0b1308eee2eb, clingon-20251121-ef0528f/clingon.test.asd
clog, ghcr.io/ocicl/clog@sha256:712416d27c5748262c06bfbbc1cc81002f7ef53c97dd63dfcb1487d5bf05bbee, clog-20251120-6ab1e21/clog.asd
closer-mop, ghcr.io/ocicl/closer-mop@sha256:e99c0448dd5a5eb1e5134ffebb0cfc7f84a4c14e45c77d7566a273f04e3e0017, closer-mop-20251028-443e42e/closer-mop.asd
com.inuoe.jzon, ghcr.io/ocicl/com.inuoe.jzon@sha256:b0cfbc3d8fb3c09526d92575b40b13a68ad93be7edeb48fd69dcea053c5611a5, jzon-20251113-f05afbb/com.inuoe.jzon.asd
com.inuoe.jzon-tests, ghcr.io/ocicl/com.inuoe.jzon@sha256:b0cfbc3d8fb3c09526d92575b40b13a68ad93be7edeb48fd69dcea053c5611a5, jzon-20251113-f05afbb/com.inuoe.jzon-tests.asd
dbd-mysql, ghcr.io/ocicl/cl-dbi@sha256:831b6c4b26fcd003cd1ed4a2e42a5620128bd577ff077d4c6400a076e41bbff8, cl-dbi-20250928-be4df4f/dbd-mysql.asd
dbd-null, ghcr.io/ocicl/cl-dbi@sha256:831b6c4b26fcd003cd1ed4a2e42a5620128bd577ff077d4c6400a076e41bbff8, cl-dbi-20250928-be4df4f/dbd-null.asd
dbd-postgres, ghcr.io/ocicl/cl-dbi@sha256:831b6c4b26fcd003cd1ed4a2e42a5620128bd577ff077d4c6400a076e41bbff8, cl-dbi-20250928-be4df4f/dbd-postgres.asd
dbd-sqlite3, ghcr.io/ocicl/cl-dbi@sha256:831b6c4b26fcd003cd1ed4a2e42a5620128bd577ff077d4c6400a076e41bbff8, cl-dbi-20250928-be4df4f/dbd-sqlite3.asd
dbi, ghcr.io/ocicl/cl-dbi@sha256:831b6c4b26fcd003cd1ed4a2e42a5620128bd577ff077d4c6400a076e41bbff8, cl-dbi-20250928-be4df4f/dbi.asd
dbi-test, ghcr.io/ocicl/cl-dbi@sha256:831b6c4b26fcd003cd1ed4a2e42a5620128bd577ff077d4c6400a076e41bbff8, cl-dbi-20250928-be4df4f/dbi-test.asd
defclass-std, ghcr.io/ocicl/defclass-std@sha256:47ed2c44381191d4382a0a5800f4b2394854cabca71254bfc78d6b33190e199b, defclass-std-20241228-6d003a5/defclass-std.asd
defclass-std-test, ghcr.io/ocicl/defclass-std@sha256:47ed2c44381191d4382a0a5800f4b2394854cabca71254bfc78d6b33190e199b, defclass-std-20241228-6d003a5/defclass-std-test.asd
documentation-utils, ghcr.io/ocicl/documentation-utils@sha256:b2a1b3f3bcd1a738af85ae2b0168d408c177661eab6d6bbebb254e394d983f54, documentation-utils-20230511-98630dd/documentation-utils.asd
dref, ghcr.io/ocicl/mgl-pax@sha256:170409783f1dee612a5f193e6f65059287c3fa017d049df6ac048bae1e318c62, mgl-pax-20251022-c1c1edb/dref/dref.asd
dref-test, ghcr.io/ocicl/mgl-pax@sha256:170409783f1dee612a5f193e6f65059287c3fa017d049df6ac048bae1e318c62, mgl-pax-20251022-c1c1edb/dref/dref-test.asd
dref-test-package-inferred, ghcr.io/ocicl/mgl-pax@sha256:170409783f1dee612a5f193e6f65059287c3fa017d049df6ac048bae1e318c62, mgl-pax-20251022-c1c1edb/dref/test/data/dref-test-package-inferred.asd
event-emitter, ghcr.io/ocicl/event-emitter@sha256:dc8a9abdd0ec681dcb611dddfe0b2e037dc60ac3cab6bbffbc438e803f0217bd, event-emitter-20240607-d8bd3d9/event-emitter.asd
event-emitter-benchmark, ghcr.io/ocicl/event-emitter@sha256:dc8a9abdd0ec681dcb611dddfe0b2e037dc60ac3cab6bbffbc438e803f0217bd, event-emitter-20240607-d8bd3d9/event-emitter-benchmark.asd
event-emitter-test, ghcr.io/ocicl/event-emitter@sha256:dc8a9abdd0ec681dcb611dddfe0b2e037dc60ac3cab6bbffbc438e803f0217bd, event-emitter-20240607-d8bd3d9/event-emitter-test.asd
fast-http, ghcr.io/ocicl/fast-http@sha256:44e98b5239c0ded4921dc0b04ae272cff00583d93797a657543db782979eb50c, fast-http-20240503-2232fc9/fast-http.asd
fast-http-test, ghcr.io/ocicl/fast-http@sha256:44e98b5239c0ded4921dc0b04ae272cff00583d93797a657543db782979eb50c, fast-http-20240503-2232fc9/fast-http-test.asd
fast-io, ghcr.io/ocicl/fast-io@sha256:7ba35a0eddf00b3c25656b3c5a93e95460f6cb8f807afbc04ef4f50076d95aff, fast-io-20240503-a4c5ad6/fast-io.asd
fast-io-test, ghcr.io/ocicl/fast-io@sha256:7ba35a0eddf00b3c25656b3c5a93e95460f6cb8f807afbc04ef4f50076d95aff, fast-io-20240503-a4c5ad6/fast-io-test.asd
fast-websocket, ghcr.io/ocicl/fast-websocket@sha256:046c8152322c407ba5362900a957733ed7531a0c00dab7c323dfcfacdd347a0c, fast-websocket-20240513-66ea866/fast-websocket.asd
fast-websocket-test, ghcr.io/ocicl/fast-websocket@sha256:046c8152322c407ba5362900a957733ed7531a0c00dab7c323dfcfacdd347a0c, fast-websocket-20240513-66ea866/fast-websocket-test.asd
file-attributes, ghcr.io/ocicl/file-attributes@sha256:87a9bb2a9f1a1773b4109e15ed127ef62973415af255fb19f37db33a74e6309b, file-attributes-20250813-4d8c26a/file-attributes.asd
flexi-streams, ghcr.io/ocicl/flexi-streams@sha256:95005b06a8a95c82780c75ead53810bcb273d07fcf5fe76b527f1856df9923f2, flexi-streams-20240503-4951d57/flexi-streams.asd
flexi-streams-test, ghcr.io/ocicl/flexi-streams@sha256:95005b06a8a95c82780c75ead53810bcb273d07fcf5fe76b527f1856df9923f2, flexi-streams-20240503-4951d57/flexi-streams-test.asd
float-features, ghcr.io/ocicl/float-features@sha256:64922efd92a08670cf8292ea56dfff29c577d36d8a7f7576cea0c031805c52d2, float-features-20250813-cd5dab0/float-features.asd
float-features-tests, ghcr.io/ocicl/float-features@sha256:64922efd92a08670cf8292ea56dfff29c577d36d8a7f7576cea0c031805c52d2, float-features-20250813-cd5dab0/float-features-tests.asd
fset, ghcr.io/ocicl/fset@sha256:06ed3b2b8e490fa5ddf01b23af08a5d0d5febf6633b982eab0f721f4cc3c8c15, fset-20251122-19eadf0/fset.asd
global-vars, ghcr.io/ocicl/global-vars@sha256:d197e871c9c9abc4bf31b1186f5fd28f0ca848ebe2e9dddf2d82ecee01dbdc65, global-vars-20240503-c749f32/global-vars.asd
global-vars-test, ghcr.io/ocicl/global-vars@sha256:d197e871c9c9abc4bf31b1186f5fd28f0ca848ebe2e9dddf2d82ecee01dbdc65, global-vars-20240503-c749f32/global-vars-test.asd
hello-builder, ghcr.io/ocicl/clog@sha256:712416d27c5748262c06bfbbc1cc81002f7ef53c97dd63dfcb1487d5bf05bbee, clog-20251120-6ab1e21/tutorial/28-tutorial/hello-builder/hello-builder.asd
hello-clog, ghcr.io/ocicl/clog@sha256:712416d27c5748262c06bfbbc1cc81002f7ef53c97dd63dfcb1487d5bf05bbee, clog-20251120-6ab1e21/tutorial/13-tutorial/hello-clog/hello-clog.asd
http-body, ghcr.io/ocicl/http-body@sha256:9582cd3d8ee1720d13bbfc9be857a8e41c927aebf9882fc8a5a2842fa5f80ddd, http-body-20241126-6c84ce8/http-body.asd
http-body-test, ghcr.io/ocicl/http-body@sha256:9582cd3d8ee1720d13bbfc9be857a8e41c927aebf9882fc8a5a2842fa5f80ddd, http-body-20241126-6c84ce8/http-body-test.asd
hunchensocket, ghcr.io/ocicl/hunchensocket@sha256:bafadb780ac8ea406c35449f323eddcd9cc0b04f9cdd1f9c3ac4f14e674f3326, hunchensocket-20241018-8f90c5b/hunchensocket.asd
hunchensocket-tests, ghcr.io/ocicl/hunchensocket@sha256:bafadb780ac8ea406c35449f323eddcd9cc0b04f9cdd1f9c3ac4f14e674f3326, hunchensocket-20241018-8f90c5b/hunchensocket-tests.asd
hunchentoot, ghcr.io/ocicl/hunchentoot@sha256:1dbccc1f9770d3d8917ef87d71720b4ec7f2d6bebf24a3072afca478b00b4427, hunchentoot-1.3.1/hunchentoot.asd
idna, ghcr.io/ocicl/idna@sha256:b1737dbce42904f75c724350c3e057770c7777f1f5596c6358875dfb2e542eac, idna-20240503-bf789e6/idna.asd
introspect-environment, ghcr.io/ocicl/introspect-environment@sha256:4fa482690dee130996f1d0f89b470e0e84c92f22caea7649d3b83ce3e49c78ba, introspect-environment-20240503-69a50ac/introspect-environment.asd
introspect-environment-test, ghcr.io/ocicl/introspect-environment@sha256:4fa482690dee130996f1d0f89b470e0e84c92f22caea7649d3b83ce3e49c78ba, introspect-environment-20240503-69a50ac/introspect-environment-test.asd
iolib, ghcr.io/ocicl/iolib@sha256:953f1cb142e647da50562d51eca562afc2c5b941b89ae622332b53c7dbed7e1b, iolib-20240503-396cc43/iolib.asd
iolib.asdf, ghcr.io/ocicl/iolib@sha256:953f1cb142e647da50562d51eca562afc2c5b941b89ae622332b53c7dbed7e1b, iolib-20240503-396cc43/iolib.asdf.asd
iolib.base, ghcr.io/ocicl/iolib@sha256:953f1cb142e647da50562d51eca562afc2c5b941b89ae622332b53c7dbed7e1b, iolib-20240503-396cc43/iolib.base.asd
iolib.common-lisp, ghcr.io/ocicl/iolib@sha256:953f1cb142e647da50562d51eca562afc2c5b941b89ae622332b53c7dbed7e1b, iolib-20240503-396cc43/iolib.common-lisp.asd
iolib.conf, ghcr.io/ocicl/iolib@sha256:953f1cb142e647da50562d51eca562afc2c5b941b89ae622332b53c7dbed7e1b, iolib-20240503-396cc43/iolib.conf.asd
iolib.examples, ghcr.io/ocicl/iolib@sha256:953f1cb142e647da50562d51eca562afc2c5b941b89ae622332b53c7dbed7e1b, iolib-20240503-396cc43/iolib.examples.asd
ironclad, ghcr.io/ocicl/ironclad@sha256:3117e5a26a3e94924074c3548c235a2b733609ed61a2731880ac9e31df55428b, ironclad-20240503-6da010f/ironclad.asd
ironclad-text, ghcr.io/ocicl/ironclad@sha256:3117e5a26a3e94924074c3548c235a2b733609ed61a2731880ac9e31df55428b, ironclad-20240503-6da010f/ironclad-text.asd
iterate, ghcr.io/ocicl/iterate@sha256:6950c55e3782d58cabbbb5753111a70d8cafab8348b7fd6f2143d9abeaab46fb, iterate-20250703-d27d7ff/iterate.asd
javacl, ghcr.io/ocicl/openldk@sha256:47924977061b137f7cb1b62868d1f4af36bcc313d6bbfcb21573a5144b4e6b43, openldk-20251207-8a36cb8/javacl.asd
lack, ghcr.io/ocicl/lack@sha256:2130f916ada220a008dff0b618ba4a6d102233c6e8eb94a64f777b5a8133e7c5, lack-20250804-f3302ce/lack.asd
lack-app-directory, ghcr.io/ocicl/lack@sha256:2130f916ada220a008dff0b618ba4a6d102233c6e8eb94a64f777b5a8133e7c5, lack-20250804-f3302ce/lack-app-directory.asd
lack-app-file, ghcr.io/ocicl/lack@sha256:2130f916ada220a008dff0b618ba4a6d102233c6e8eb94a64f777b5a8133e7c5, lack-20250804-f3302ce/lack-app-file.asd
lack-component, ghcr.io/ocicl/lack@sha256:2130f916ada220a008dff0b618ba4a6d102233c6e8eb94a64f777b5a8133e7c5, lack-20250804-f3302ce/lack-component.asd
lack-middleware-accesslog, ghcr.io/ocicl/lack@sha256:2130f916ada220a008dff0b618ba4a6d102233c6e8eb94a64f777b5a8133e7c5, lack-20250804-f3302ce/lack-middleware-accesslog.asd
lack-middleware-auth-basic, ghcr.io/ocicl/lack@sha256:2130f916ada220a008dff0b618ba4a6d102233c6e8eb94a64f777b5a8133e7c5, lack-20250804-f3302ce/lack-middleware-auth-basic.asd
lack-middleware-backtrace, ghcr.io/ocicl/lack@sha256:2130f916ada220a008dff0b618ba4a6d102233c6e8eb94a64f777b5a8133e7c5, lack-20250804-f3302ce/lack-middleware-backtrace.asd
lack-middleware-csrf, ghcr.io/ocicl/lack@sha256:2130f916ada220a008dff0b618ba4a6d102233c6e8eb94a64f777b5a8133e7c5, lack-20250804-f3302ce/lack-middleware-csrf.asd
lack-middleware-dbpool, ghcr.io/ocicl/lack@sha256:2130f916ada220a008dff0b618ba4a6d102233c6e8eb94a64f777b5a8133e7c5, lack-20250804-f3302ce/lack-middleware-dbpool.asd
lack-middleware-deflater, ghcr.io/ocicl/lack@sha256:2130f916ada220a008dff0b618ba4a6d102233c6e8eb94a64f777b5a8133e7c5, lack-20250804-f3302ce/lack-middleware-deflater.asd
lack-middleware-mount, ghcr.io/ocicl/lack@sha256:2130f916ada220a008dff0b618ba4a6d102233c6e8eb94a64f777b5a8133e7c5, lack-20250804-f3302ce/lack-middleware-mount.asd
lack-middleware-session, ghcr.io/ocicl/lack@sha256:2130f916ada220a008dff0b618ba4a6d102233c6e8eb94a64f777b5a8133e7c5, lack-20250804-f3302ce/lack-middleware-session.asd
lack-middleware-static, ghcr.io/ocicl/lack@sha256:2130f916ada220a008dff0b618ba4a6d102233c6e8eb94a64f777b5a8133e7c5, lack-20250804-f3302ce/lack-middleware-static.asd
lack-middleware-when, ghcr.io/ocicl/lack@sha256:2130f916ada220a008dff0b618ba4a6d102233c6e8eb94a64f777b5a8133e7c5, lack-20250804-f3302ce/lack-middleware-when.asd
lack-request, ghcr.io/ocicl/lack@sha256:2130f916ada220a008dff0b618ba4a6d102233c6e8eb94a64f777b5a8133e7c5, lack-20250804-f3302ce/lack-request.asd
lack-response, ghcr.io/ocicl/lack@sha256:2130f916ada220a008dff0b618ba4a6d102233c6e8eb94a64f777b5a8133e7c5, lack-20250804-f3302ce/lack-response.asd
lack-session-store-dbi, ghcr.io/ocicl/lack@sha256:2130f916ada220a008dff0b618ba4a6d102233c6e8eb94a64f777b5a8133e7c5, lack-20250804-f3302ce/lack-session-store-dbi.asd
lack-session-store-redis, ghcr.io/ocicl/lack@sha256:2130f916ada220a008dff0b618ba4a6d102233c6e8eb94a64f777b5a8133e7c5, lack-20250804-f3302ce/lack-session-store-redis.asd
lack-test, ghcr.io/ocicl/lack@sha256:2130f916ada220a008dff0b618ba4a6d102233c6e8eb94a64f777b5a8133e7c5, lack-20250804-f3302ce/lack-test.asd
lack-util, ghcr.io/ocicl/lack@sha256:2130f916ada220a008dff0b618ba4a6d102233c6e8eb94a64f777b5a8133e7c5, lack-20250804-f3302ce/lack-util.asd
lack-util-writer-stream, ghcr.io/ocicl/lack@sha256:2130f916ada220a008dff0b618ba4a6d102233c6e8eb94a64f777b5a8133e7c5, lack-20250804-f3302ce/lack-util-writer-stream.asd
lisp-namespace, ghcr.io/ocicl/lisp-namespace@sha256:ae08006e0b267958c50160658c729c799c6e1c18d94eef83f2ce5cf6ab8bbd20, lisp-namespace-20240503-699fccb/lisp-namespace.asd
lisp-namespace.test, ghcr.io/ocicl/lisp-namespace@sha256:ae08006e0b267958c50160658c729c799c6e1c18d94eef83f2ce5cf6ab8bbd20, lisp-namespace-20240503-699fccb/lisp-namespace.test.asd
local-time, ghcr.io/ocicl/local-time@sha256:15dc0e56d0ff55bd2a3c597e67be1c26bd0677c230a15ad5098c5207a9df5554, local-time-20250808-c28f38e/local-time.asd
marshal, ghcr.io/ocicl/marshal@sha256:a1e4be46c96220d69e43a1cdedd2d4cefe2a65780ee32da01440ebadc05aba30, cl-marshal-20240503-f169abd/marshal.asd
marshal-tests, ghcr.io/ocicl/marshal@sha256:a1e4be46c96220d69e43a1cdedd2d4cefe2a65780ee32da01440ebadc05aba30, cl-marshal-20240503-f169abd/marshal-tests.asd
md5, ghcr.io/ocicl/md5@sha256:7d8a8d7af07a2bcbca05ad839555730a0e021c697bf13cc02279669c7a9b038b, md5-2.0.5/md5.asd
mgl-pax, ghcr.io/ocicl/mgl-pax@sha256:170409783f1dee612a5f193e6f65059287c3fa017d049df6ac048bae1e318c62, mgl-pax-20251022-c1c1edb/mgl-pax.asd
mgl-pax-bootstrap, ghcr.io/ocicl/mgl-pax@sha256:170409783f1dee612a5f193e6f65059287c3fa017d049df6ac048bae1e318c62, mgl-pax-20251022-c1c1edb/mgl-pax-bootstrap.asd
mgl-pax-test, ghcr.io/ocicl/mgl-pax@sha256:170409783f1dee612a5f193e6f65059287c3fa017d049df6ac048bae1e318c62, mgl-pax-20251022-c1c1edb/mgl-pax-test.asd
mgl-pax.asdf, ghcr.io/ocicl/mgl-pax@sha256:170409783f1dee612a5f193e6f65059287c3fa017d049df6ac048bae1e318c62, mgl-pax-20251022-c1c1edb/mgl-pax.asdf.asd
misc-extensions, ghcr.io/ocicl/misc-extensions@sha256:bffd02c8ba19a28ecc3b9a89a3e2639d51a6f856850b7c2cdfecb779738f53af, misc-extensions-20251202-9d0fd15/misc-extensions.asd
mt19937, ghcr.io/ocicl/mt19937@sha256:49c0a25a535cd22212343c67e17635b8e05675ad9cc20aa75ce75e35e842bbe3, MT19937-20240503-78f0419/mt19937.asd
multilang-documentation-utils, ghcr.io/ocicl/documentation-utils@sha256:b2a1b3f3bcd1a738af85ae2b0168d408c177661eab6d6bbebb254e394d983f54, documentation-utils-20230511-98630dd/multilang-documentation-utils.asd
named-readtables, ghcr.io/ocicl/named-readtables@sha256:c3b4f9e8c99154d63c9adb94144af2c366f2560a7be3d12f7dfed728ff769c91, named-readtables-20251210-6eea566/named-readtables.asd
named-readtables-test, ghcr.io/ocicl/named-readtables@sha256:c3b4f9e8c99154d63c9adb94144af2c366f2560a7be3d12f7dfed728ff769c91, named-readtables-20251210-6eea566/named-readtables-test.asd
openldk, ghcr.io/ocicl/openldk@sha256:47924977061b137f7cb1b62868d1f4af36bcc313d6bbfcb21573a5144b4e6b43, openldk-20251207-8a36cb8/openldk.asd
osicat, ghcr.io/ocicl/osicat@sha256:48af110420f02e99c37370e48bee10d7c7aada7e563483e1f47e3bc1173545f9, osicat-20251007-68732bd/osicat.asd
parse-declarations-1.0, ghcr.io/ocicl/parse-declarations-1.0@sha256:9305fa9624205b16fd1fc51cb1cc4282a18e50eee9ac75b66a14f6f2c5df9518, parse-declarations-20240503-549aebb/parse-declarations-1.0.asd
parse-float, ghcr.io/ocicl/parse-float@sha256:681d769df661a44396f322e26da35bd8e5c9b857581a5f4446894d230b74e217, parse-float-20250926-622e582/parse-float.asd
parse-number, ghcr.io/ocicl/parse-number@sha256:11f3f9f512871e1f96cea6b8260aa3610e34e8fd7272bbcdb210fd3c5dd8025c, parse-number-20240503-cb9e487/parse-number.asd
pathname-utils, ghcr.io/ocicl/pathname-utils@sha256:082998dd41f934bbacdbc7695cd61d64ea115cd115f6de33d94b8393b4f44cc2, pathname-utils-20250813-d0d4525/pathname-utils.asd
pathname-utils-test, ghcr.io/ocicl/pathname-utils@sha256:082998dd41f934bbacdbc7695cd61d64ea115cd115f6de33d94b8393b4f44cc2, pathname-utils-20250813-d0d4525/pathname-utils-test.asd
precise-time, ghcr.io/ocicl/precise-time@sha256:2c84655bfe7b90d8be3f37e39ea3dbccd087f260430406742f1c6b8fe5e011bd, precise-time-20250813-e0bf77d/precise-time.asd
proc-parse, ghcr.io/ocicl/proc-parse@sha256:0880f9acb35eb9efbe1f77a981e36e84e8f29a22b14f680c7686eb381fa87bd6, proc-parse-20240503-3afe2b7/proc-parse.asd
proc-parse-test, ghcr.io/ocicl/proc-parse@sha256:0880f9acb35eb9efbe1f77a981e36e84e8f29a22b14f680c7686eb381fa87bd6, proc-parse-20240503-3afe2b7/proc-parse-test.asd
pythonic-string-reader, ghcr.io/ocicl/pythonic-string-reader@sha256:6f0c22694e7d6b2143d116eec0f568e775343167d35c1ed36d624e485f54b3e3, pythonic-string-reader-20240503-47a70ba/pythonic-string-reader.asd
quri, ghcr.io/ocicl/quri@sha256:e2559f91600e4895e115b42dde88fcaac3677f051335d73431888dcf7af99f95, quri-0.7.0/quri.asd
quri-test, ghcr.io/ocicl/quri@sha256:e2559f91600e4895e115b42dde88fcaac3677f051335d73431888dcf7af99f95, quri-0.7.0/quri-test.asd
rfc2388, ghcr.io/ocicl/rfc2388@sha256:4190f6eb36b3b2f53def6eff56b44e76edf4086ada2feb6d88bb671a40fc9f70, rfc2388-20240503-591bcf7/rfc2388.asd
salza2, ghcr.io/ocicl/salza2@sha256:0f9d930524b469e1442372a6e12b26742d9e6a1144e6a455006943190d1ea71e, salza2-2.1/salza2.asd
serapeum, ghcr.io/ocicl/serapeum@sha256:c29107525dce97b63a2c8521ad00ef1581d484cd0729ea64433059b9f9fb38cc, serapeum-20251216-0f87830/serapeum.asd
sha1, ghcr.io/ocicl/sha1@sha256:d332af205bf3b5db2bdf8ea6df9f5127627343ce19bc313d00cfa2d80a5fb404, sha1-20240503-be8b1b1/sha1.asd
slynk, ghcr.io/ocicl/slynk@sha256:3571fd2a8da88873460baae3185e7b94c80699f2c3ac6dfe675180e9f246a41c, sly-20251214-b01993c/slynk/slynk.asd
smart-buffer, ghcr.io/ocicl/smart-buffer@sha256:b8d194f5881c415fd7f0099b88dfd9e2158405c2966de15c716b155a364bf0f7, smart-buffer-20240503-619759d/smart-buffer.asd
smart-buffer-test, ghcr.io/ocicl/smart-buffer@sha256:b8d194f5881c415fd7f0099b88dfd9e2158405c2966de15c716b155a364bf0f7, smart-buffer-20240503-619759d/smart-buffer-test.asd
split-sequence, ghcr.io/ocicl/split-sequence@sha256:3a37662eedd99c42995587b9d443c4631f25c4c523091bcca31a27b880585b8e, split-sequence-2.0.1/split-sequence.asd
sqlite, ghcr.io/ocicl/sqlite@sha256:a7f80757e6ee13af06e2eeaeff1e079dba439d85ea5c7f68e262bccc40dcbd5c, cl-sqlite-0.2.1/sqlite.asd
sqlite-tests, ghcr.io/ocicl/sqlite@sha256:a7f80757e6ee13af06e2eeaeff1e079dba439d85ea5c7f68e262bccc40dcbd5c, cl-sqlite-0.2.1/sqlite-tests.asd
static-vectors, ghcr.io/ocicl/static-vectors@sha256:53e11e5689c3dbea6a3017760b55f052588003d774913539930ddc4330a69970, static-vectors-20240624-3d9d89b/static-vectors.asd
str, ghcr.io/ocicl/str@sha256:685078f7554071268bca9e933392904940d6751077718a4aafaf3d0424003f26, cl-str-20250905-69ef8b4/str.asd
str.test, ghcr.io/ocicl/str@sha256:685078f7554071268bca9e933392904940d6751077718a4aafaf3d0424003f26, cl-str-20250905-69ef8b4/str.test.asd
string-case, ghcr.io/ocicl/string-case@sha256:9db2d4160b76ce1ed9f754d12f679c665593a9a436177d36380a1a8a176ec16a, string-case-20240503-718c761/string-case.asd
swank, ghcr.io/ocicl/swank@sha256:a81560c07f37b1ec624054dfd81baa22a90a259b179793ac24d279daf7abacda, slime-2.31/swank.asd
swap-bytes, ghcr.io/ocicl/swap-bytes@sha256:06edc17deb0f27cdf6290689711ece670a8282dfd07b732a9adc541af1ce7ed6, swap-bytes-20240503-43ab141/swap-bytes.asd
t-clack-handler-hunchentoot, ghcr.io/ocicl/clack@sha256:9457bea28f1ee9c49a7626c2ee23c181b5af3636b5e64a27a46ef8535818947f, clack-20241101-935be5b/t-clack-handler-hunchentoot.asd
t-clack-handler-toot, ghcr.io/ocicl/clack@sha256:9457bea28f1ee9c49a7626c2ee23c181b5af3636b5e64a27a46ef8535818947f, clack-20241101-935be5b/t-clack-handler-toot.asd
t-clack-handler-wookie, ghcr.io/ocicl/clack@sha256:9457bea28f1ee9c49a7626c2ee23c181b5af3636b5e64a27a46ef8535818947f, clack-20241101-935be5b/t-clack-handler-wookie.asd
termp, ghcr.io/ocicl/termp@sha256:ba7560e90b5d1936610e082bfcaab159c4c739fd6d1e697f76aed086f5d88a09, termp-20241127-29789fe/termp.asd
trivia, ghcr.io/ocicl/trivia@sha256:51db74757bc31ceaf3a643914a8ffa87825799097dea4912650e6ac62bed5209, trivia-20240904-4383dd8/trivia.asd
trivia.balland2006, ghcr.io/ocicl/trivia@sha256:51db74757bc31ceaf3a643914a8ffa87825799097dea4912650e6ac62bed5209, trivia-20240904-4383dd8/trivia.balland2006.asd
trivia.benchmark, ghcr.io/ocicl/trivia@sha256:51db74757bc31ceaf3a643914a8ffa87825799097dea4912650e6ac62bed5209, trivia-20240904-4383dd8/trivia.benchmark.asd
trivia.cffi, ghcr.io/ocicl/trivia@sha256:51db74757bc31ceaf3a643914a8ffa87825799097dea4912650e6ac62bed5209, trivia-20240904-4383dd8/trivia.cffi.asd
trivia.fset, ghcr.io/ocicl/trivia@sha256:51db74757bc31ceaf3a643914a8ffa87825799097dea4912650e6ac62bed5209, trivia-20240904-4383dd8/trivia.fset.asd
trivia.level0, ghcr.io/ocicl/trivia@sha256:51db74757bc31ceaf3a643914a8ffa87825799097dea4912650e6ac62bed5209, trivia-20240904-4383dd8/trivia.level0.asd
trivia.level1, ghcr.io/ocicl/trivia@sha256:51db74757bc31ceaf3a643914a8ffa87825799097dea4912650e6ac62bed5209, trivia-20240904-4383dd8/trivia.level1.asd
trivia.level2, ghcr.io/ocicl/trivia@sha256:51db74757bc31ceaf3a643914a8ffa87825799097dea4912650e6ac62bed5209, trivia-20240904-4383dd8/trivia.level2.asd
trivia.ppcre, ghcr.io/ocicl/trivia@sha256:51db74757bc31ceaf3a643914a8ffa87825799097dea4912650e6ac62bed5209, trivia-20240904-4383dd8/trivia.ppcre.asd
trivia.quasiquote, ghcr.io/ocicl/trivia@sha256:51db74757bc31ceaf3a643914a8ffa87825799097dea4912650e6ac62bed5209, trivia-20240904-4383dd8/trivia.quasiquote.asd
trivia.test, ghcr.io/ocicl/trivia@sha256:51db74757bc31ceaf3a643914a8ffa87825799097dea4912650e6ac62bed5209, trivia-20240904-4383dd8/trivia.test.asd
trivia.trivial, ghcr.io/ocicl/trivia@sha256:51db74757bc31ceaf3a643914a8ffa87825799097dea4912650e6ac62bed5209, trivia-20240904-4383dd8/trivia.trivial.asd
trivial-backtrace, ghcr.io/ocicl/trivial-backtrace@sha256:89a3138695bb767c50001402fad60dacfc1e867e4e3d3579cc6f636d3e29a51c, trivial-backtrace-20240503-7f90b4a/trivial-backtrace.asd
trivial-backtrace-test, ghcr.io/ocicl/trivial-backtrace@sha256:89a3138695bb767c50001402fad60dacfc1e867e4e3d3579cc6f636d3e29a51c, trivial-backtrace-20240503-7f90b4a/trivial-backtrace-test.asd
trivial-channels, ghcr.io/ocicl/trivial-channels@sha256:9b190fcc1853729090ff0b27d24c916dcb166bbb5bad6456340f9b05f3689b3d, trivial-channels-20240503-e237011/trivial-channels.asd
trivial-cltl2, ghcr.io/ocicl/trivial-cltl2@sha256:69470b4f6469314799074b9d944050dc4bcb67d5cbb2ba32c7a8899bb492f04e, trivial-cltl2-20230809-2ada872/trivial-cltl2.asd
trivial-features, ghcr.io/ocicl/trivial-features@sha256:e278e24d39060fc7d3715531b16ddd9ab7f93f22ade53e436c0b86dbae3aa065, trivial-features-1.0/trivial-features.asd
trivial-features-tests, ghcr.io/ocicl/trivial-features@sha256:e278e24d39060fc7d3715531b16ddd9ab7f93f22ade53e436c0b86dbae3aa065, trivial-features-1.0/trivial-features-tests.asd
trivial-file-size, ghcr.io/ocicl/trivial-file-size@sha256:dfe138877e024d36e51fa14b1bcabf11e99e5745baa42ef4f627438485030f5c, trivial-file-size-20250427-60fd1bf/trivial-file-size.asd
trivial-garbage, ghcr.io/ocicl/trivial-garbage@sha256:a85dcf4110ad60ae9f6c70970acceb2bf12402ce5326891643d35506059afb1d, trivial-garbage-20240503-3474f64/trivial-garbage.asd
trivial-gray-streams, ghcr.io/ocicl/trivial-gray-streams@sha256:d0cc9fb73876100ee60647524f98b5b22566fa1c3a985d79548b0d2b228f8b51, trivial-gray-streams-20240503-a7ead68/trivial-gray-streams.asd
trivial-gray-streams-test, ghcr.io/ocicl/trivial-gray-streams@sha256:d0cc9fb73876100ee60647524f98b5b22566fa1c3a985d79548b0d2b228f8b51, trivial-gray-streams-20240503-a7ead68/trivial-gray-streams-test.asd
trivial-indent, ghcr.io/ocicl/trivial-indent@sha256:2969bd1dc3cefd22fd1b0c5aeec664d4217a2593fe03bb043d8b6958aabc8b2a, trivial-indent-20250813-87b35ff/trivial-indent.asd
trivial-macroexpand-all, ghcr.io/ocicl/trivial-macroexpand-all@sha256:b23da4c2e508efe2396ec8f721cb22b8a4c076b2f0aea014a09f69dfd716d7f8, trivial-macroexpand-all-20250518-b6e4efa/trivial-macroexpand-all.asd
trivial-mimes, ghcr.io/ocicl/trivial-mimes@sha256:11c8aa199a3dea490cf8360bfa0c528e0e0e3e952b7b7d330208659662af93ed, trivial-mimes-20250813-98641f2/trivial-mimes.asd
trivial-rfc-1123, ghcr.io/ocicl/trivial-rfc-1123@sha256:b77a6f744d8a431b3163c2e642e771a57d9fa4760e98db769316792e1b6a0160, trivial-rfc-1123-20240503-9ef59c3/trivial-rfc-1123.asd
trivial-timeout, ghcr.io/ocicl/trivial-timeout@sha256:18f5f87e1fa3a35e5608cd424d22c2b24f581f810d9f9f8c6229b849c2f239ad, trivial-timeout-20240503-e70d9b4/trivial-timeout.asd
trivial-timeout-test, ghcr.io/ocicl/trivial-timeout@sha256:18f5f87e1fa3a35e5608cd424d22c2b24f581f810d9f9f8c6229b849c2f239ad, trivial-timeout-20240503-e70d9b4/trivial-timeout-test.asd
trivial-utf-8, ghcr.io/ocicl/trivial-utf-8@sha256:014e7fa0edd7f351c8b38c3247e0cdda438235bb8a086bb0f2bac08f78ef400d, trivial-utf-8-20240503-ba9b4ff/trivial-utf-8.asd
tuition, ghcr.io/ocicl/tuition@sha256:6f6c654cf746fcafe39ba32356ac8767455fd9939a59a15a03bbbd03c139ed44, cl-tuition-20251216-d0b37d1/tuition.asd
type-i, ghcr.io/ocicl/type-i@sha256:de5c3e7f7b72409c5ec49885eea8c6fe2e02def2846cf97f70c1c21f21a1567c, type-i-20240503-4407a68/type-i.asd
type-i.test, ghcr.io/ocicl/type-i@sha256:de5c3e7f7b72409c5ec49885eea8c6fe2e02def2846cf97f70c1c21f21a1567c, type-i-20240503-4407a68/type-i.test.asd
uffi, ghcr.io/ocicl/cffi-grovel@sha256:0854274d437e36f8bd30549103de36d23ac22f481f2746e61785e883f52b25fa, cffi-20250822-dad3520/uffi-compat/uffi.asd
usocket, ghcr.io/ocicl/usocket@sha256:282856b819b22a4319ba30a15605ee934aa23292a471fd29ea4d3f2074b3f16d, usocket-0.8.8/usocket.asd
usocket-server, ghcr.io/ocicl/usocket@sha256:282856b819b22a4319ba30a15605ee934aa23292a471fd29ea4d3f2074b3f16d, usocket-0.8.8/usocket-server.asd
usocket-test, ghcr.io/ocicl/usocket@sha256:282856b819b22a4319ba30a15605ee934aa23292a471fd29ea4d3f2074b3f16d, usocket-0.8.8/usocket-test.asd
version-string, ghcr.io/ocicl/version-string@sha256:0d6103de97750f7a85d84b38b2495399817d550ce1e2369ba31a652e39e2b2e7, cl-version-string-20250701-2a9f9ba/version-string.asd
websocket-driver, ghcr.io/ocicl/websocket-driver@sha256:3d71c3b4cbe14bd1eb79df7bb2150ee0cba7a1aa6d46d8021be12ae8839ae0d2, websocket-driver-20251122-749b617/websocket-driver.asd
websocket-driver-base, ghcr.io/ocicl/websocket-driver@sha256:3d71c3b4cbe14bd1eb79df7bb2150ee0cba7a1aa6d46d8021be12ae8839ae0d2, websocket-driver-20251122-749b617/websocket-driver-base.asd
websocket-driver-client, ghcr.io/ocicl/websocket-driver@sha256:3d71c3b4cbe14bd1eb79df7bb2150ee0cba7a1aa6d46d8021be12ae8839ae0d2, websocket-driver-20251122-749b617/websocket-driver-client.asd
websocket-driver-server, ghcr.io/ocicl/websocket-driver@sha256:3d71c3b4cbe14bd1eb79df7bb2150ee0cba7a1aa6d46d8021be12ae8839ae0d2, websocket-driver-20251122-749b617/websocket-driver-server.asd
whereiseveryone.command-line-args, ghcr.io/ocicl/whereiseveryone.command-line-args@sha256:d97e124015dd4ea18058410331856b475bffe39e63144fd1e478c7f954117e22, whereiseveryone.command-line-args-20251028-ff21547e/whereiseveryone.command-line-args.asd
with-user-abort, ghcr.io/ocicl/with-user-abort@sha256:c19560034f9909a7afb4110b5efd939a9f1e829d9ef9887797b98679f290c480, with-user-abort-20240503-a3db02e/with-user-abort.asd
xsubseq, ghcr.io/ocicl/xsubseq@sha256:7605d14f7cc7fd2f63190ad81fe7bd65daef105d6728ee6bb59baef49da2aa51, xsubseq-20240503-5ce430b/xsubseq.asd
xsubseq-test, ghcr.io/ocicl/xsubseq@sha256:7605d14f7cc7fd2f63190ad81fe7bd65daef105d6728ee6bb59baef49da2aa51, xsubseq-20240503-5ce430b/xsubseq-test.asd
yason, ghcr.io/ocicl/yason@sha256:d4857f9cbdd68a5d1332c7f8a4a2374b1ae0dc567d4b8f90795ff38fd490876b, yason-20250323-0c84b29/yason.asd
yason-tests, ghcr.io/ocicl/yason@sha256:d4857f9cbdd68a5d1332c7f8a4a2374b1ae0dc567d4b8f90795ff38fd490876b, yason-20250323-0c84b29/yason-tests.asd
zip, ghcr.io/ocicl/zip@sha256:d58caf65f9942491bb1944240479d373d9cad9c7fb94133f7f165883acfb50bc, zip-20240503-688b154/zip.asd
